<?xml version="1.0" encoding="UTF-8"?>
<project-private xmlns="http://www.netbeans.org/ns/project-private/1">
    <editor-bookmarks xmlns="http://www.netbeans.org/ns/editor-bookmarks/2" lastBookmarkId="0"/>
    <open-files xmlns="http://www.netbeans.org/ns/projectui-open-files/2">
        <group>
            <file>file:/D:/msi/ebooks/prgm32bit_bn2/MX170pg12sgp/NokiaScr.h</file>
            <file>file:/D:/msi/ebooks/prgm32bit_bn2/MX170pg12sgp/scd40.h</file>
            <file>file:/D:/msi/ebooks/prgm32bit_bn2/MX170pg12sgp/PG_12sgp.C</file>
            <file>file:/D:/msi/ebooks/prgm32bit_bn2/MX170pg12sgp/SGP30.c</file>
            <file>file:/D:/msi/ebooks/prgm32bit_bn2/MX170pg12sgp/SCD40.c</file>
            <file>file:/D:/msi/ebooks/prgm32bit_bn2/MX170pg12sgp/NokiaScr.c</file>
            <file>file:/D:/msi/ebooks/prgm32bit_bn2/MX170pg12sgp/sgp30.h</file>
        </group>
    </open-files>
</project-private>
